Features_Models,dcg,ndcg,spearman_rank,kendalltau,ml_mse,ml_mae,ml_accuracy,ml_f1,ml_recall,ml_precision,ranking_accuracy
ari,23.566375088525884,0.9896978008802767,0.9723852599860511,0.9504247520662131,367.24082719082713,15.812366912366913,,,,,0.7942386831275721
f_ease,22.10150224144771,0.9285727053805524,0.4225990050421929,0.506332274027458,1579.7369585585586,33.3741850941851,,,,,0.0
f_grade,23.580185615939925,0.9902738715294741,0.9746700452062173,0.9546663155618279,210.95264537264538,12.028992628992631,,,,,0.8106995884773662
newsela_bert,22.39438592887488,0.940601385584934,0.8295356498334912,0.7560423553724858,17.963144963144963,3.578214578214578,0.2072072072072072,0.10904167912114474,0.2072072072072072,0.07407608940223365,0.9629629629629629
newsela_bertRank,23.72469554486067,0.9964736471933122,0.985185185185185,0.9711934156378601,26.219289075148666,4.758854576615807,,,,,0.8641975308641975
newsela_bert_regression,23.61355913783247,0.9916834482231155,0.9569077013521458,0.9305898491083676,13.376187985965675,3.1682800265356263,,,,,0.7407407407407407
os_eng_bertRank,22.689682793347675,0.9529522268117114,0.7625514403292182,0.6844993141289437,33.02374103005321,5.188852385932023,,,,,0.2716049382716049
os_eng_bert_regression,23.7291798694773,0.9967139745189225,0.9909465020576131,0.9818930041152262,47.9794413872312,6.428291795636189,,,,,0.9094650205761317
