Features_Models,dcg,ndcg,spearman_rank,kendalltau,ml_mse,ml_mae,ml_accuracy,ml_f1,ml_recall,ml_precision,ranking_accuracy
ari,0.9728510370226531,0.9728510370226531,0.8541260558804417,0.8541260558804419,565.8812400648825,20.539229521492295,,,,,0.9271695052716951
f_ease,0.9604734406001653,0.9604734406001653,0.7901054339010541,0.7901054339010544,2656.2054287347933,45.39079237631792,,,,,0.054339010543390104
f_grade,0.9749163936328371,0.9749163936328371,0.8654752233956132,0.8654752233956133,336.22633333333334,15.803154906731551,,,,,0.9328467153284672
newsela_bertRank,0.974497335769901,0.974497335769901,0.8626400389673646,0.8626400389673649,0.07699013902423243,0.09388172964475264,,,,,0.9313868613138686
os_eng_bertRank,0.8826039329689583,0.8826039329689583,0.3641824971586295,0.36418249715862966,0.2840598545670287,0.3644403937600081,,,,,0.6824006488240065
