Features_Models,dcg,ndcg,spearman_rank,kendalltau,ml_mse,ml_mae,ml_accuracy,ml_f1,ml_recall,ml_precision,ranking_accuracy
ari,0.9185231783634636,0.9185231783634636,0.5597463827019995,0.5597463827019997,536.8025344687753,21.724517437145174,,,,,0.7803730738037308
f_ease,0.9328427073641576,0.9328427073641576,0.6439578264395781,0.6439578264395782,2896.4962529278187,50.58015085158151,,,,,0.18880778588807787
f_grade,0.9170265431386926,0.9170265431386926,0.5526958788076233,0.5526958788076234,265.7559505271695,15.161954582319547,,,,,0.7772911597729116
newsela_bertRank,0.9303166639346596,0.9303166639346596,0.6223844282238441,0.6223844282238443,0.15967174546227564,0.25502200289802107,,,,,0.8111922141119221
newsela_bert_regression,0.9127760991003429,0.9127760991003429,0.527331711273317,0.5273317112733171,61.78040061021209,7.783063812927819,,,,,0.7636658556366586
os_eng_bertRank,0.8614115781862002,0.8614115781862002,0.24898621248986205,0.24898621248986214,0.3548274035148105,0.4338608265255474,,,,,0.624493106244931
os_eng_bert_regression,0.9687502565067803,0.9687502565067803,0.8306569343065692,0.8306569343065694,0.8761435855248141,0.8585670759757502,,,,,0.9153284671532846
